Producto,Total_Ventas,Cantidad_Registros,Precio_Unitario_Promedio
Audífonos,20034.590000000004,10,870.3340000000001
Impresora,15999.81,11,727.9409090909091
Laptop,29893.030000000002,15,815.2233333333334
Monitor,34315.479999999996,13,805.1623076923078
Mouse,21395.559999999998,15,663.0533333333333
Teclado,28808.660000000003,14,633.1007142857142
